{
  "id": "1501021",
  "name": "个人博客",
  "font_family": "iconfont",
  "css_prefix_text": "icon-",
  "description": "",
  "glyphs": [
    {
      "icon_id": "2291348",
      "name": "日历",
      "font_class": "rili",
      "unicode": "e6ad",
      "unicode_decimal": 59053
    },
    {
      "icon_id": "2341257",
      "name": "作者",
      "font_class": "zuozhe",
      "unicode": "e615",
      "unicode_decimal": 58901
    },
    {
      "icon_id": "7440984",
      "name": "置顶",
      "font_class": "zhiding",
      "unicode": "e674",
      "unicode_decimal": 58996
    },
    {
      "icon_id": "8060784",
      "name": "点赞",
      "font_class": "dianzan",
      "unicode": "e600",
      "unicode_decimal": 58880
    },
    {
      "icon_id": "8723721",
      "name": "评 论",
      "font_class": "wsdzb_zzgzt_zzsh_mzpy_dymzpyjl",
      "unicode": "e601",
      "unicode_decimal": 58881
    },
    {
      "icon_id": "9384881",
      "name": "点赞",
      "font_class": "dianzan1",
      "unicode": "e602",
      "unicode_decimal": 58882
    },
    {
      "icon_id": "9859517",
      "name": "浏览数",
      "font_class": "liulanshu",
      "unicode": "e667",
      "unicode_decimal": 58983
    }
  ]
}
